index,q_full,q_index,item_text,index_item2
1,Svörunar.ID,Svörunar.ID,Svörunar ID,svarID
2,Dagsetning.sendingar,Dagsetning.sendingar,Dagsetning sendingar,dagsetning
3,Síðasta.síða,Síðasta.síða,lastPage,lastPage
4,Ræsa.tungumál,Ræsa.tungumál,Ræsa tungumál,tungumal
5,Seed,Seed,Seed,seed
6,IP.vistfang,IP.vistfang,IP vistfang,Ipvistfang
7,X1..Hverjar.eru.helstu.áskoranir.í.umhverfinu.sem.menningarstarfsemi.á.Íslandi.almennt.stendur.frammi.fyrir.á.næstu.10.árum..Merkið.við.einn.valmöguleika.í.hverri.línu...Fjármögnun.,X1,Fjármögnun,X1Fjármögnun
8,X1..Hverjar.eru.helstu.áskoranir.í.umhverfinu.sem.menningarstarfsemi.á.Íslandi.almennt.stendur.frammi.fyrir.á.næstu.10.árum..Merkið.við.einn.valmöguleika.í.hverri.línu...Umhverfis..og.loftslagsmál.,X1,Umhverfis og loftslagsmál,X1Umhverfis og loftslagsmál
9,X1..Hverjar.eru.helstu.áskoranir.í.umhverfinu.sem.menningarstarfsemi.á.Íslandi.almennt.stendur.frammi.fyrir.á.næstu.10.árum..Merkið.við.einn.valmöguleika.í.hverri.línu...Jafnréttismál.,X1,Jafnréttismál,X1Jafnréttismál
10,X1..Hverjar.eru.helstu.áskoranir.í.umhverfinu.sem.menningarstarfsemi.á.Íslandi.almennt.stendur.frammi.fyrir.á.næstu.10.árum..Merkið.við.einn.valmöguleika.í.hverri.línu...Niðurskurður.opinberra.aðila.,X1,Niðurskurður opinberra aðila,X1Niðurskurður opinberra aðila
11,X1..Hverjar.eru.helstu.áskoranir.í.umhverfinu.sem.menningarstarfsemi.á.Íslandi.almennt.stendur.frammi.fyrir.á.næstu.10.árum..Merkið.við.einn.valmöguleika.í.hverri.línu...Aðgengi.innflytjenda..,X1,Aðgengi innflytjenda,X1Aðgengi innflytjenda
12,X1..Hverjar.eru.helstu.áskoranir.í.umhverfinu.sem.menningarstarfsemi.á.Íslandi.almennt.stendur.frammi.fyrir.á.næstu.10.árum..Merkið.við.einn.valmöguleika.í.hverri.línu...Óstöðugleiki.í.efnahagsmálum.almennt..,X1,Óstöðugleiki í efnahagsmálum almennt,X1Óstöðugleiki í efnahagsmálum almennt
13,X1..Hverjar.eru.helstu.áskoranir.í.umhverfinu.sem.menningarstarfsemi.á.Íslandi.almennt.stendur.frammi.fyrir.á.næstu.10.árum..Merkið.við.einn.valmöguleika.í.hverri.línu...Inngilding.jaðarsettra.hópa..,X1,Inngilding jaðarsettra hópa,X1Inngilding jaðarsettra hópa
14,X1..Hverjar.eru.helstu.áskoranir.í.umhverfinu.sem.menningarstarfsemi.á.Íslandi.almennt.stendur.frammi.fyrir.á.næstu.10.árum..Merkið.við.einn.valmöguleika.í.hverri.línu...Margbreytileiki.í.starfsmannahópi..,X1,Margbreytileiki í starfsmannahópi,X1Margbreytileiki í starfsmannahópi
15,X1..Hverjar.eru.helstu.áskoranir.í.umhverfinu.sem.menningarstarfsemi.á.Íslandi.almennt.stendur.frammi.fyrir.á.næstu.10.árum..Merkið.við.einn.valmöguleika.í.hverri.línu...Samkeppni.við.aðra.afþreyingu..,X1,Samkeppni við aðra afþreyingu,X1Samkeppni við aðra afþreyingu
16,X1..Hverjar.eru.helstu.áskoranir.í.umhverfinu.sem.menningarstarfsemi.á.Íslandi.almennt.stendur.frammi.fyrir.á.næstu.10.árum..Merkið.við.einn.valmöguleika.í.hverri.línu...Fámennið.á.Íslandi..,X1,Fámennið á Íslandi,X1Fámennið á Íslandi
17,X1..Hverjar.eru.helstu.áskoranir.í.umhverfinu.sem.menningarstarfsemi.á.Íslandi.almennt.stendur.frammi.fyrir.á.næstu.10.árum..Merkið.við.einn.valmöguleika.í.hverri.línu...Gervigreind.,X1,Gervigreind,X1Gervigreind
18,X1..Hverjar.eru.helstu.áskoranir.í.umhverfinu.sem.menningarstarfsemi.á.Íslandi.almennt.stendur.frammi.fyrir.á.næstu.10.árum..Merkið.við.einn.valmöguleika.í.hverri.línu...Skortur.á.samvinnu.við.aðrar.stofnanir...fyrirtæki.innan.menningargeirans..,X1,Skortur á samvinnu við aðrar stofnanir fyrirtæki innan menningargeirans,X1Skortur á samvinnu við aðrar stofnanir fyrirtæki innan menningargeirans
19,X1..Hverjar.eru.helstu.áskoranir.í.umhverfinu.sem.menningarstarfsemi.á.Íslandi.almennt.stendur.frammi.fyrir.á.næstu.10.árum..Merkið.við.einn.valmöguleika.í.hverri.línu...Skortur.á.samvinnu.við.aðrar.stofnanir...fyrirtæki.í.öðrum.geirum..,X1,Skortur á samvinnu við aðrar stofnanir fyrirtæki í öðrum geirum,X1Skortur á samvinnu við aðrar stofnanir fyrirtæki í öðrum geirum
20,X1..Hverjar.eru.helstu.áskoranir.í.umhverfinu.sem.menningarstarfsemi.á.Íslandi.almennt.stendur.frammi.fyrir.á.næstu.10.árum..Merkið.við.einn.valmöguleika.í.hverri.línu...Margbreytileiki.í.hópi.stjórnenda..,X1,Margbreytileiki í hópi stjórnenda,X1Margbreytileiki í hópi stjórnenda
21,X1..Hverjar.eru.helstu.áskoranir.í.umhverfinu.sem.menningarstarfsemi.á.Íslandi.almennt.stendur.frammi.fyrir.á.næstu.10.árum..Merkið.við.einn.valmöguleika.í.hverri.línu...Margbreytileiki.í.starfsmannahópi.,X1,Margbreytileiki í starfsmannahópi,X1Margbreytileiki í starfsmannahópi
22,X1..Hverjar.eru.helstu.áskoranir.í.umhverfinu.sem.menningarstarfsemi.á.Íslandi.almennt.stendur.frammi.fyrir.á.næstu.10.árum..Merkið.við.einn.valmöguleika.í.hverri.línu...Margbreytileiki.í.hópi.gesta...áhorfenda...neytenda.,X1,Margbreytileiki í hópi gesta áhorfenda neytenda,X1Margbreytileiki í hópi gesta áhorfenda neytenda
23,X2..Hver.eru.helstu.tækifærin.fyrir.menningarstarfsemi.á.Íslandi.almennt.á.næstu.árum...Merkið.við.einn.valmöguleika.í.hverri.línu......Aðgangur.að.alþjóðlegum.mörkuðum..,X2,Aðgangur að alþjóðlegum mörkuðum,X2Aðgangur að alþjóðlegum mörkuðum
24,X2..Hver.eru.helstu.tækifærin.fyrir.menningarstarfsemi.á.Íslandi.almennt.á.næstu.árum...Merkið.við.einn.valmöguleika.í.hverri.línu......Fjölgun.ferðamanna.til.Íslands..,X2,Fjölgun ferðamanna til Íslands,X2Fjölgun ferðamanna til Íslands
25,X2..Hver.eru.helstu.tækifærin.fyrir.menningarstarfsemi.á.Íslandi.almennt.á.næstu.árum...Merkið.við.einn.valmöguleika.í.hverri.línu......Netvæðing.upplýsinga.og.viðskipta..,X2,Netvæðing upplýsinga og viðskipta,X2Netvæðing upplýsinga og viðskipta
26,X2..Hver.eru.helstu.tækifærin.fyrir.menningarstarfsemi.á.Íslandi.almennt.á.næstu.árum...Merkið.við.einn.valmöguleika.í.hverri.línu......Fjölgun.Íslendinga..,X2,Fjölgun Íslendinga,X2Fjölgun Íslendinga
27,X2..Hver.eru.helstu.tækifærin.fyrir.menningarstarfsemi.á.Íslandi.almennt.á.næstu.árum...Merkið.við.einn.valmöguleika.í.hverri.línu......Samfélagsmiðlar.,X2,Samfélagsmiðlar,X2Samfélagsmiðlar
28,X2..Hver.eru.helstu.tækifærin.fyrir.menningarstarfsemi.á.Íslandi.almennt.á.næstu.árum...Merkið.við.einn.valmöguleika.í.hverri.línu......Gervigreind.,X2,Gervigreind,X2Gervigreind
29,X2..Hver.eru.helstu.tækifærin.fyrir.menningarstarfsemi.á.Íslandi.almennt.á.næstu.árum...Merkið.við.einn.valmöguleika.í.hverri.línu......Samlegðartækifæri...sameining.,X2,Samlegðartækifæri sameining,X2Samlegðartækifæri sameining
30,X2..Hver.eru.helstu.tækifærin.fyrir.menningarstarfsemi.á.Íslandi.almennt.á.næstu.árum...Merkið.við.einn.valmöguleika.í.hverri.línu......Margbreytileiki.í.hópi.stjórnenda..,X2,Margbreytileiki í hópi stjórnenda,X2Margbreytileiki í hópi stjórnenda
31,X2..Hver.eru.helstu.tækifærin.fyrir.menningarstarfsemi.á.Íslandi.almennt.á.næstu.árum...Merkið.við.einn.valmöguleika.í.hverri.línu......Margbreytileiki.í.starfsmannahópi..,X2,Margbreytileiki í starfsmannahópi,X2Margbreytileiki í starfsmannahópi
32,X2..Hver.eru.helstu.tækifærin.fyrir.menningarstarfsemi.á.Íslandi.almennt.á.næstu.árum...Merkið.við.einn.valmöguleika.í.hverri.línu......Margbreytileiki.í.hópi.gesta...áhorfenda...neytenda..,X2,Margbreytileiki í hópi gesta áhorfenda neytenda,X2Margbreytileiki í hópi gesta áhorfenda neytenda
33,X3..Hverjar.eru.helstu.áskoranir.í.umhverfinu.sem.þín.skipulagsheild.stendur.frammi.fyrir.á.næstu.10.árum..Merkið.við.einn.valmöguleika.í.hverri.línu...Fjármögnun.,X3,Fjármögnun,X3Fjármögnun
34,X3..Hverjar.eru.helstu.áskoranir.í.umhverfinu.sem.þín.skipulagsheild.stendur.frammi.fyrir.á.næstu.10.árum..Merkið.við.einn.valmöguleika.í.hverri.línu...Umhverfis..og.loftslagsmál.,X3,Umhverfis og loftslagsmál,X3Umhverfis og loftslagsmál
35,X3..Hverjar.eru.helstu.áskoranir.í.umhverfinu.sem.þín.skipulagsheild.stendur.frammi.fyrir.á.næstu.10.árum..Merkið.við.einn.valmöguleika.í.hverri.línu...Jafnréttismál.,X3,Jafnréttismál,X3Jafnréttismál
36,X3..Hverjar.eru.helstu.áskoranir.í.umhverfinu.sem.þín.skipulagsheild.stendur.frammi.fyrir.á.næstu.10.árum..Merkið.við.einn.valmöguleika.í.hverri.línu...Niðurskurður.opinberra.aðila..,X3,Niðurskurður opinberra aðila,X3Niðurskurður opinberra aðila
37,X3..Hverjar.eru.helstu.áskoranir.í.umhverfinu.sem.þín.skipulagsheild.stendur.frammi.fyrir.á.næstu.10.árum..Merkið.við.einn.valmöguleika.í.hverri.línu...Aðgengi.innflytjenda..,X3,Aðgengi innflytjenda,X3Aðgengi innflytjenda
38,X3..Hverjar.eru.helstu.áskoranir.í.umhverfinu.sem.þín.skipulagsheild.stendur.frammi.fyrir.á.næstu.10.árum..Merkið.við.einn.valmöguleika.í.hverri.línu...Óstöðugleiki.í.efnahagsmálum.almennt..,X3,Óstöðugleiki í efnahagsmálum almennt,X3Óstöðugleiki í efnahagsmálum almennt
39,X3..Hverjar.eru.helstu.áskoranir.í.umhverfinu.sem.þín.skipulagsheild.stendur.frammi.fyrir.á.næstu.10.árum..Merkið.við.einn.valmöguleika.í.hverri.línu...Inngilding.jaðarsettra.hópa..,X3,Inngilding jaðarsettra hópa,X3Inngilding jaðarsettra hópa
40,X3..Hverjar.eru.helstu.áskoranir.í.umhverfinu.sem.þín.skipulagsheild.stendur.frammi.fyrir.á.næstu.10.árum..Merkið.við.einn.valmöguleika.í.hverri.línu...Samkeppni.við.aðra.afþreyingu..,X3,Samkeppni við aðra afþreyingu,X3Samkeppni við aðra afþreyingu
41,X3..Hverjar.eru.helstu.áskoranir.í.umhverfinu.sem.þín.skipulagsheild.stendur.frammi.fyrir.á.næstu.10.árum..Merkið.við.einn.valmöguleika.í.hverri.línu...Fámennið.á.Íslandi..,X3,Fámennið á Íslandi,X3Fámennið á Íslandi
42,X3..Hverjar.eru.helstu.áskoranir.í.umhverfinu.sem.þín.skipulagsheild.stendur.frammi.fyrir.á.næstu.10.árum..Merkið.við.einn.valmöguleika.í.hverri.línu...Gervigreind.,X3,Gervigreind,X3Gervigreind
43,X3..Hverjar.eru.helstu.áskoranir.í.umhverfinu.sem.þín.skipulagsheild.stendur.frammi.fyrir.á.næstu.10.árum..Merkið.við.einn.valmöguleika.í.hverri.línu...Margbreytileiki.í.starfsmannahópi..,X3,Margbreytileiki í starfsmannahópi,X3Margbreytileiki í starfsmannahópi
44,X3..Hverjar.eru.helstu.áskoranir.í.umhverfinu.sem.þín.skipulagsheild.stendur.frammi.fyrir.á.næstu.10.árum..Merkið.við.einn.valmöguleika.í.hverri.línu...Margbreytileiki.í.hópi.stjórnenda..,X3,Margbreytileiki í hópi stjórnenda,X3Margbreytileiki í hópi stjórnenda
45,X3..Hverjar.eru.helstu.áskoranir.í.umhverfinu.sem.þín.skipulagsheild.stendur.frammi.fyrir.á.næstu.10.árum..Merkið.við.einn.valmöguleika.í.hverri.línu...Margbreytileiki.í.hópi.gesta...áhorfenda...neytenda..,X3,Margbreytileiki í hópi gesta áhorfenda neytenda,X3Margbreytileiki í hópi gesta áhorfenda neytenda
46,X3..Hverjar.eru.helstu.áskoranir.í.umhverfinu.sem.þín.skipulagsheild.stendur.frammi.fyrir.á.næstu.10.árum..Merkið.við.einn.valmöguleika.í.hverri.línu...Breytingar.á.ráðuneyti.menningarmála.,X3,Breytingar á ráðuneyti menningarmála,X3Breytingar á ráðuneyti menningarmála
47,X4..Hver.eru.helstu.tækifærin.fyrir.þína.skipulagsheild.á.næstu.árum...Merkið.við.einn.valmöguleika.í.hverri.línu....Aðgangur.að.alþjóðlegum.mörkuðum..,X4,Aðgangur að alþjóðlegum mörkuðum,X4Aðgangur að alþjóðlegum mörkuðum
48,X4..Hver.eru.helstu.tækifærin.fyrir.þína.skipulagsheild.á.næstu.árum...Merkið.við.einn.valmöguleika.í.hverri.línu....Fjölgun.ferðamanna..,X4,Fjölgun ferðamanna,X4Fjölgun ferðamanna
49,X4..Hver.eru.helstu.tækifærin.fyrir.þína.skipulagsheild.á.næstu.árum...Merkið.við.einn.valmöguleika.í.hverri.línu....Netvæðing.upplýsinga.og.viðskipta..,X4,Netvæðing upplýsinga og viðskipta,X4Netvæðing upplýsinga og viðskipta
50,X4..Hver.eru.helstu.tækifærin.fyrir.þína.skipulagsheild.á.næstu.árum...Merkið.við.einn.valmöguleika.í.hverri.línu....Fjölgun.íbúa.á.Íslandi..,X4,Fjölgun íbúa á Íslandi,X4Fjölgun íbúa á Íslandi
51,X4..Hver.eru.helstu.tækifærin.fyrir.þína.skipulagsheild.á.næstu.árum...Merkið.við.einn.valmöguleika.í.hverri.línu....Samfélagsmiðlar..,X4,Samfélagsmiðlar,X4Samfélagsmiðlar
52,X4..Hver.eru.helstu.tækifærin.fyrir.þína.skipulagsheild.á.næstu.árum...Merkið.við.einn.valmöguleika.í.hverri.línu....Gervigreind..,X4,Gervigreind,X4Gervigreind
53,X4..Hver.eru.helstu.tækifærin.fyrir.þína.skipulagsheild.á.næstu.árum...Merkið.við.einn.valmöguleika.í.hverri.línu....Samlegðartækifæri...sameining..,X4,Samlegðartækifæri sameining,X4Samlegðartækifæri sameining
54,X4..Hver.eru.helstu.tækifærin.fyrir.þína.skipulagsheild.á.næstu.árum...Merkið.við.einn.valmöguleika.í.hverri.línu....Aðgengi.að.viðeigandi.hæfnisþróun.og...eða.símenntun..,X4,Aðgengi að viðeigandi hæfnisþróun og eða símenntun,X4Aðgengi að viðeigandi hæfnisþróun og eða símenntun
55,X4..Hver.eru.helstu.tækifærin.fyrir.þína.skipulagsheild.á.næstu.árum...Merkið.við.einn.valmöguleika.í.hverri.línu....Aðgengi.að.sérfræðingum.og.sérfræðiþekkingu..,X4,Aðgengi að sérfræðingum og sérfræðiþekkingu,X4Aðgengi að sérfræðingum og sérfræðiþekkingu
56,X4..Hver.eru.helstu.tækifærin.fyrir.þína.skipulagsheild.á.næstu.árum...Merkið.við.einn.valmöguleika.í.hverri.línu....Margbreytileiki.meðal.starfsfólks..,X4,Margbreytileiki meðal starfsfólks,X4Margbreytileiki meðal starfsfólks
57,X4..Hver.eru.helstu.tækifærin.fyrir.þína.skipulagsheild.á.næstu.árum...Merkið.við.einn.valmöguleika.í.hverri.línu....Margbreytileiki.meðal.stjórnenda.,X4,Margbreytileiki meðal stjórnenda,X4Margbreytileiki meðal stjórnenda
58,X4..Hver.eru.helstu.tækifærin.fyrir.þína.skipulagsheild.á.næstu.árum...Merkið.við.einn.valmöguleika.í.hverri.línu....Margbreytileiki.í.hópi.gesta...áhorfenda...neytenda.,X4,Margbreytileiki í hópi gesta áhorfenda neytenda,X4Margbreytileiki í hópi gesta áhorfenda neytenda
59,X5..Hversu.sammála.eða.ósammála.ertu.eftirfarandi.fullyrðingum.um.áhrif.COVID.19.faraldursins.á.reksturinn.í.þinni.skipulagsheild..Merkið.við.einn.valmöguleika.í.hverri.línu...COVID.19.faraldurinn.hefur.valdið.grundvallarbreytingum.í.rekstri.stofnunarinnar...,X5,COVID 19 faraldurinn hefur valdið grundvallarbreytingum í rekstri stofnunarinnar,X5COVID 19 faraldurinn hefur valdið grundvallarbreytingum í rekstri stofnunarinnar
60,X5..Hversu.sammála.eða.ósammála.ertu.eftirfarandi.fullyrðingum.um.áhrif.COVID.19.faraldursins.á.reksturinn.í.þinni.skipulagsheild..Merkið.við.einn.valmöguleika.í.hverri.línu...Áhrifa.COVID.19.faraldursins.gætir.enn.í.mínum.rekstri...,X5,Áhrifa COVID 19 faraldursins gætir enn í mínum rekstri,X5Áhrifa COVID 19 faraldursins gætir enn í mínum rekstri
61,X5..Hversu.sammála.eða.ósammála.ertu.eftirfarandi.fullyrðingum.um.áhrif.COVID.19.faraldursins.á.reksturinn.í.þinni.skipulagsheild..Merkið.við.einn.valmöguleika.í.hverri.línu...COVID.19.hafði.neikvæð.áhrif.á.rekstur.minnar.skipulagsheildar...,X5,COVID 19 hafði neikvæð áhrif á rekstur minnar skipulagsheildar,X5COVID 19 hafði neikvæð áhrif á rekstur minnar skipulagsheildar
62,X5..Hversu.sammála.eða.ósammála.ertu.eftirfarandi.fullyrðingum.um.áhrif.COVID.19.faraldursins.á.reksturinn.í.þinni.skipulagsheild..Merkið.við.einn.valmöguleika.í.hverri.línu....COVID.19.hafði.jákvæð.áhrif.á.rekstur.minnar.skipulagsheildar.......................,X5,COVID 19 hafði jákvæð áhrif á rekstur minnar skipulagsheildar,X5COVID 19 hafði jákvæð áhrif á rekstur minnar skipulagsheildar
63,X5..Hversu.sammála.eða.ósammála.ertu.eftirfarandi.fullyrðingum.um.áhrif.COVID.19.faraldursins.á.reksturinn.í.þinni.skipulagsheild..Merkið.við.einn.valmöguleika.í.hverri.línu...Langtímaafleiðingar.COVID.19.faraldursins.hafa.ekki.komið.fyllilega.í.ljós.ennþá..,X5,Langtímaafleiðingar COVID 19 faraldursins hafa ekki komið fyllilega í ljós ennþá,X5Langtímaafleiðingar COVID 19 faraldursins hafa ekki komið fyllilega í ljós ennþá
64,X6..Hvaða.þættir.valda.þér.mestri.óvissu.í.rekstri.þinnar.skipulagsheildar..Merkið.við.einn.valmöguleika.í.hverri.línu...Fjárhagslegir.þættir.,X6,Fjárhagslegir þættir,X6Fjárhagslegir þættir
65,X6..Hvaða.þættir.valda.þér.mestri.óvissu.í.rekstri.þinnar.skipulagsheildar..Merkið.við.einn.valmöguleika.í.hverri.línu...Aðsókn...sala.,X6,Aðsókn sala,X6Aðsókn sala
66,X6..Hvaða.þættir.valda.þér.mestri.óvissu.í.rekstri.þinnar.skipulagsheildar..Merkið.við.einn.valmöguleika.í.hverri.línu...Listrænir.þættir.,X6,Listrænir þættir,X6Listrænir þættir
67,X6..Hvaða.þættir.valda.þér.mestri.óvissu.í.rekstri.þinnar.skipulagsheildar..Merkið.við.einn.valmöguleika.í.hverri.línu...Félagslegir.þættir.,X6,Félagslegir þættir,X6Félagslegir þættir
68,X6..Hvaða.þættir.valda.þér.mestri.óvissu.í.rekstri.þinnar.skipulagsheildar..Merkið.við.einn.valmöguleika.í.hverri.línu...Skortur.á.fólki.með.viðeigandi.hæfni.í.ákveðin.störf.,X6,Skortur á fólki með viðeigandi hæfni í ákveðin störf,X6Skortur á fólki með viðeigandi hæfni í ákveðin störf
69,X7..Hversu.sammála.eða.ósammála.ertu.eftirfarandi.fullyrðingum.um.þína.skipulagsheild.og.starfsumhverfi..Merkið.við.einn.valmöguleika.í.hverri.línu......Mín.skipulagsheild.líður.fyrir.að.vera.of.smá......................,X7,Mín skipulagsheild líður fyrir að vera of smá,X7Mín skipulagsheild líður fyrir að vera of smá
70,X7..Hversu.sammála.eða.ósammála.ertu.eftirfarandi.fullyrðingum.um.þína.skipulagsheild.og.starfsumhverfi..Merkið.við.einn.valmöguleika.í.hverri.línu.....Sameining.við.aðra.stofnun...stofnanir.væri.jákvæð.fyrir.mína.skipulagsheild..,X7,Sameining við aðra stofnun stofnanir væri jákvæð fyrir mína skipulagsheild,X7Sameining við aðra stofnun stofnanir væri jákvæð fyrir mína skipulagsheild
71,X7..Hversu.sammála.eða.ósammála.ertu.eftirfarandi.fullyrðingum.um.þína.skipulagsheild.og.starfsumhverfi..Merkið.við.einn.valmöguleika.í.hverri.línu.....Starfsumhverfi.mitt.býður.uppá.nægilegan.faglegan.stuðning.,X7,Starfsumhverfi mitt býður uppá nægilegan faglegan stuðning,X7Starfsumhverfi mitt býður uppá nægilegan faglegan stuðning
72,X7..Hversu.sammála.eða.ósammála.ertu.eftirfarandi.fullyrðingum.um.þína.skipulagsheild.og.starfsumhverfi..Merkið.við.einn.valmöguleika.í.hverri.línu.....Það.er.nauðsynlegt.að.menningarráðuneytið...opinber.stuðningskerfi.veiti.aukinn.faglegan.stuðning..,X7,Það er nauðsynlegt að menningarráðuneytið opinber stuðningskerfi veiti aukinn faglegan stuðning,X7Það er nauðsynlegt að menningarráðuneytið opinber stuðningskerfi veiti aukinn faglegan stuðning
73,X7..Hversu.sammála.eða.ósammála.ertu.eftirfarandi.fullyrðingum.um.þína.skipulagsheild.og.starfsumhverfi..Merkið.við.einn.valmöguleika.í.hverri.línu.....Það.er.nauðsynlegt.að.stoðkerfið.í.mínum.geira.verði.eflt..,X7,Það er nauðsynlegt að stoðkerfið í mínum geira verði eflt,X7Það er nauðsynlegt að stoðkerfið í mínum geira verði eflt
74,X7..Hversu.sammála.eða.ósammála.ertu.eftirfarandi.fullyrðingum.um.þína.skipulagsheild.og.starfsumhverfi..Merkið.við.einn.valmöguleika.í.hverri.línu.....Ég.tel.vera.fulla.þörf.á.að.stofna.sérstakt.menningarráðuneyti.,X7,Ég tel vera fulla þörf á að stofna sérstakt menningarráðuneyti,X7Ég tel vera fulla þörf á að stofna sérstakt menningarráðuneyti
75,X8..Hversu.mikla.eða.litla.telur.þú.eftirfarandi.ókosti.vera.við.fámenni.þar.sem.menningargeirinn.er.annars.vegar..Merkið.við.einn.valmöguleika.í.hverri.línu....Skortur.á.faglegri.umræðu..,X8,Skortur á faglegri umræðu,X8Skortur á faglegri umræðu
76,X8..Hversu.mikla.eða.litla.telur.þú.eftirfarandi.ókosti.vera.við.fámenni.þar.sem.menningargeirinn.er.annars.vegar..Merkið.við.einn.valmöguleika.í.hverri.línu....Skortur.á.faglegri.þekkingu..,X8,Skortur á faglegri þekkingu,X8Skortur á faglegri þekkingu
77,X8..Hversu.mikla.eða.litla.telur.þú.eftirfarandi.ókosti.vera.við.fámenni.þar.sem.menningargeirinn.er.annars.vegar..Merkið.við.einn.valmöguleika.í.hverri.línu....Skortur.á.heilbrigðri.samkeppni..,X8,Skortur á heilbrigðri samkeppni,X8Skortur á heilbrigðri samkeppni
78,X8..Hversu.mikla.eða.litla.telur.þú.eftirfarandi.ókosti.vera.við.fámenni.þar.sem.menningargeirinn.er.annars.vegar..Merkið.við.einn.valmöguleika.í.hverri.línu....Of.fáar.síur.milli.hugmyndar.og.framkvæmdar..,X8,Of fáar síur milli hugmyndar og framkvæmdar,X8Of fáar síur milli hugmyndar og framkvæmdar
79,X8..Hversu.mikla.eða.litla.telur.þú.eftirfarandi.ókosti.vera.við.fámenni.þar.sem.menningargeirinn.er.annars.vegar..Merkið.við.einn.valmöguleika.í.hverri.línu....Stofnanir.of.smáar.til.að.vera.hagkvæmar..,X8,Stofnanir of smáar til að vera hagkvæmar,X8Stofnanir of smáar til að vera hagkvæmar
80,X8..Hversu.mikla.eða.litla.telur.þú.eftirfarandi.ókosti.vera.við.fámenni.þar.sem.menningargeirinn.er.annars.vegar..Merkið.við.einn.valmöguleika.í.hverri.línu....Of.smár.markaður..,X8,Of smár markaður,X8Of smár markaður
81,X8..Hversu.mikla.eða.litla.telur.þú.eftirfarandi.ókosti.vera.við.fámenni.þar.sem.menningargeirinn.er.annars.vegar..Merkið.við.einn.valmöguleika.í.hverri.línu....Skortur.á.samstarfsvilja.milli.stofnana...fyrirtækja..,X8,Skortur á samstarfsvilja milli stofnana fyrirtækja,X8Skortur á samstarfsvilja milli stofnana fyrirtækja
82,X9..Hversu.mikla.eða.litla.telur.þú.eftirfarandi.kosti.vera.við.fámenni.þegar.menningargeirinn.er.annars.vegar..Merkið.við.einn.valmöguleika.í.hverri.línu..Allir.þekkja.alla.,X9,Allir þekkja alla,X9Allir þekkja alla
83,X9..Hversu.mikla.eða.litla.telur.þú.eftirfarandi.kosti.vera.við.fámenni.þegar.menningargeirinn.er.annars.vegar..Merkið.við.einn.valmöguleika.í.hverri.línu..Boðleiðir.stuttar.,X9,Boðleiðir stuttar,X9Boðleiðir stuttar
84,X9..Hversu.mikla.eða.litla.telur.þú.eftirfarandi.kosti.vera.við.fámenni.þegar.menningargeirinn.er.annars.vegar..Merkið.við.einn.valmöguleika.í.hverri.línu..Biðtími.stuttur.,X9,Biðtími stuttur,X9Biðtími stuttur
85,X9..Hversu.mikla.eða.litla.telur.þú.eftirfarandi.kosti.vera.við.fámenni.þegar.menningargeirinn.er.annars.vegar..Merkið.við.einn.valmöguleika.í.hverri.línu..Fáar.síur.milli.hugmyndar.og.framkvæmdar..,X9,Fáar síur milli hugmyndar og framkvæmdar,X9Fáar síur milli hugmyndar og framkvæmdar
86,X9..Hversu.mikla.eða.litla.telur.þú.eftirfarandi.kosti.vera.við.fámenni.þegar.menningargeirinn.er.annars.vegar..Merkið.við.einn.valmöguleika.í.hverri.línu..Stofnanir.smáar.og.liprar..,X9,Stofnanir smáar og liprar,X9Stofnanir smáar og liprar
87,X9..Hversu.mikla.eða.litla.telur.þú.eftirfarandi.kosti.vera.við.fámenni.þegar.menningargeirinn.er.annars.vegar..Merkið.við.einn.valmöguleika.í.hverri.línu..Mikill.samstarfsvilji.innan.geirans.,X9,Mikill samstarfsvilji innan geirans,X9Mikill samstarfsvilji innan geirans
88,X10..Hversu.sammála.eða.ósammála.ertu.eftirfarandi.fullyrðingum.um.stjórnun.í.menningargeiranum..Merkið.við.einn.valmöguleika.í.hverri.línu...Stjórnun.í.menningargeiranum.er.meira.skapandi.en.önnur.stjórnun..,X10,Stjórnun í menningargeiranum er meira skapandi en önnur stjórnun,X10Stjórnun í menningargeiranum er meira skapandi en önnur stjórnun
89,X10..Hversu.sammála.eða.ósammála.ertu.eftirfarandi.fullyrðingum.um.stjórnun.í.menningargeiranum..Merkið.við.einn.valmöguleika.í.hverri.línu...Fjármögnun.tekur.allt.of.mikinn.tíma.og.orku.í.minni.skipulagsheild..,X10,Fjármögnun tekur allt of mikinn tíma og orku í minni skipulagsheild,X10Fjármögnun tekur allt of mikinn tíma og orku í minni skipulagsheild
90,X10..Hversu.sammála.eða.ósammála.ertu.eftirfarandi.fullyrðingum.um.stjórnun.í.menningargeiranum..Merkið.við.einn.valmöguleika.í.hverri.línu...Ég.fæ.nægileg.tækifæri.til.skapandi.hugsunar.í.mínu.starfi..,X10,Ég fæ nægileg tækifæri til skapandi hugsunar í mínu starfi,X10Ég fæ nægileg tækifæri til skapandi hugsunar í mínu starfi
91,X10..Hversu.sammála.eða.ósammála.ertu.eftirfarandi.fullyrðingum.um.stjórnun.í.menningargeiranum..Merkið.við.einn.valmöguleika.í.hverri.línu...Hlutverk.mitt.sem.stjórnandi.í.menningargeiranum.er.vandasamara.en.stjórnenda.almennt..,X10,Hlutverk mitt sem stjórnandi í menningargeiranum er vandasamara en stjórnenda almennt,X10Hlutverk mitt sem stjórnandi í menningargeiranum er vandasamara en stjórnenda almennt
92,X10..Hversu.sammála.eða.ósammála.ertu.eftirfarandi.fullyrðingum.um.stjórnun.í.menningargeiranum..Merkið.við.einn.valmöguleika.í.hverri.línu...Starfið.sjálft.skiptir.mig.meira.máli.en.launin..,X10,Starfið sjálft skiptir mig meira máli en launin,X10Starfið sjálft skiptir mig meira máli en launin
93,X10..Hversu.sammála.eða.ósammála.ertu.eftirfarandi.fullyrðingum.um.stjórnun.í.menningargeiranum..Merkið.við.einn.valmöguleika.í.hverri.línu...Starf.mitt.samræmist.lífsviðhorfum.mínum..,X10,Starf mitt samræmist lífsviðhorfum mínum,X10Starf mitt samræmist lífsviðhorfum mínum
94,X10..Hversu.sammála.eða.ósammála.ertu.eftirfarandi.fullyrðingum.um.stjórnun.í.menningargeiranum..Merkið.við.einn.valmöguleika.í.hverri.línu...Óöryggi.og.óvissa.um.framtíðina.eru.áberandi.í.mínu.starfi..,X10,Óöryggi og óvissa um framtíðina eru áberandi í mínu starfi,X10Óöryggi og óvissa um framtíðina eru áberandi í mínu starfi
95,X10a..Er.eitthvað.sem.þú.vilt.bæta.við.svör.þín.í.spurningum.1.10.hér.að.ofan.,X10a,Er eitthvað sem þú vilt bæta við svör þín í spurningum 1 10 hér að ofan,X10aEr eitthvað sem þú vilt bæta við svör þín í spurningum 1 10 hér að ofan
96,X11..Hversu.sammála.eða.ósammála.ertu.eftirfarandi.fullyrðingum.um.vægi.stjórnunarmenntunar.hjá.stjórnendum.í.menningargeiranum..Merkið.við.einn.valmöguleika.í.hverri.línu.....Stjórnunarmenntun.er.hæfniskrafa.í.mínu.starfi..,X11,Stjórnunarmenntun er hæfniskrafa í mínu starfi,X11Stjórnunarmenntun er hæfniskrafa í mínu starfi
97,X11..Hversu.sammála.eða.ósammála.ertu.eftirfarandi.fullyrðingum.um.vægi.stjórnunarmenntunar.hjá.stjórnendum.í.menningargeiranum..Merkið.við.einn.valmöguleika.í.hverri.línu.....Það.er.mikilvægara.að.vera.með.fag..eða.listmenntun.heldur.en.stjórnunarmenntun.við.stjórnun.í.menningargeiranum.,X11,Það er mikilvægara að vera með fag eða listmenntun heldur en stjórnunarmenntun við stjórnun í menningargeiranum,X11Það er mikilvægara að vera með fag eða listmenntun heldur en stjórnunarmenntun við stjórnun í menningargeiranum
98,X11..Hversu.sammála.eða.ósammála.ertu.eftirfarandi.fullyrðingum.um.vægi.stjórnunarmenntunar.hjá.stjórnendum.í.menningargeiranum..Merkið.við.einn.valmöguleika.í.hverri.línu.....Það.er.mikilvægara.að.vera.með.stjórnunarmenntun.heldur.en.fag..eða.listmenntun.við.stjórnun.í.menningargeiranum.,X11,Það er mikilvægara að vera með stjórnunarmenntun heldur en fag eða listmenntun við stjórnun í menningargeiranum,X11Það er mikilvægara að vera með stjórnunarmenntun heldur en fag eða listmenntun við stjórnun í menningargeiranum
99,X11..Hversu.sammála.eða.ósammála.ertu.eftirfarandi.fullyrðingum.um.vægi.stjórnunarmenntunar.hjá.stjórnendum.í.menningargeiranum..Merkið.við.einn.valmöguleika.í.hverri.línu.....Það.er.jafnmikilvægt.að.vera.með.fag..eða.listmenntun.eins.og.að.vera.með.stjórnunarmenntun.við.stjórnun.í.menningargeiranum.,X11,Það er jafnmikilvægt að vera með fag eða listmenntun eins og að vera með stjórnunarmenntun við stjórnun í menningargeiranum,X11Það er jafnmikilvægt að vera með fag eða listmenntun eins og að vera með stjórnunarmenntun við stjórnun í menningargeiranum
100,X11..Hversu.sammála.eða.ósammála.ertu.eftirfarandi.fullyrðingum.um.vægi.stjórnunarmenntunar.hjá.stjórnendum.í.menningargeiranum..Merkið.við.einn.valmöguleika.í.hverri.línu.....Stjórnunarmenntun.er.almennt.óþörf.í.menningargeiranum.,X11,Stjórnunarmenntun er almennt óþörf í menningargeiranum,X11Stjórnunarmenntun er almennt óþörf í menningargeiranum
101,X11..Hversu.sammála.eða.ósammála.ertu.eftirfarandi.fullyrðingum.um.vægi.stjórnunarmenntunar.hjá.stjórnendum.í.menningargeiranum..Merkið.við.einn.valmöguleika.í.hverri.línu.....Starfsreynsla.er.mikilvægari.en.formleg.menntun.í.menningargeiranum..,X11,Starfsreynsla er mikilvægari en formleg menntun í menningargeiranum,X11Starfsreynsla er mikilvægari en formleg menntun í menningargeiranum
102,X11..Hversu.sammála.eða.ósammála.ertu.eftirfarandi.fullyrðingum.um.vægi.stjórnunarmenntunar.hjá.stjórnendum.í.menningargeiranum..Merkið.við.einn.valmöguleika.í.hverri.línu.....Stjórnendur.eru.almennt.vel.menntaðir.í.menningargeiranum..,X11,Stjórnendur eru almennt vel menntaðir í menningargeiranum,X11Stjórnendur eru almennt vel menntaðir í menningargeiranum
103,X11..Hversu.sammála.eða.ósammála.ertu.eftirfarandi.fullyrðingum.um.vægi.stjórnunarmenntunar.hjá.stjórnendum.í.menningargeiranum..Merkið.við.einn.valmöguleika.í.hverri.línu.....Núverandi.starf.mitt.krefst.reglubundinnar.endurmenntunar..,X11,Núverandi starf mitt krefst reglubundinnar endurmenntunar,X11Núverandi starf mitt krefst reglubundinnar endurmenntunar
104,X11..Hversu.sammála.eða.ósammála.ertu.eftirfarandi.fullyrðingum.um.vægi.stjórnunarmenntunar.hjá.stjórnendum.í.menningargeiranum..Merkið.við.einn.valmöguleika.í.hverri.línu.....Ég.gæti.sinnt.starfi.mínu.betur.með.meiri.stjórnunarmenntun..,X11,Ég gæti sinnt starfi mínu betur með meiri stjórnunarmenntun,X11Ég gæti sinnt starfi mínu betur með meiri stjórnunarmenntun
105,X11..Hversu.sammála.eða.ósammála.ertu.eftirfarandi.fullyrðingum.um.vægi.stjórnunarmenntunar.hjá.stjórnendum.í.menningargeiranum..Merkið.við.einn.valmöguleika.í.hverri.línu.....Ég.gæti.sinnt.starfi.mínu.betur.með.meiri.fag..eða.listmenntun..,X11,Ég gæti sinnt starfi mínu betur með meiri fag eða listmenntun,X11Ég gæti sinnt starfi mínu betur með meiri fag eða listmenntun
106,X12..Hversu.líklegt.eða.ólíklegt.telur.þú.að.þú.munir.sækja.eftirfarandi.menntun.á.næstu.12.24.mánuðum..Merkið.við.einn.valmöguleika.í.hverri.línu.....Almennt.endurmenntunarnámskeið.í.rekstri.menningarstofnana..,X12,Almennt endurmenntunarnámskeið í rekstri menningarstofnana,X12Almennt endurmenntunarnámskeið í rekstri menningarstofnana
107,X12..Hversu.líklegt.eða.ólíklegt.telur.þú.að.þú.munir.sækja.eftirfarandi.menntun.á.næstu.12.24.mánuðum..Merkið.við.einn.valmöguleika.í.hverri.línu.....Stjórnunarnámskeið..,X12,Stjórnunarnámskeið,X12Stjórnunarnámskeið
108,X12..Hversu.líklegt.eða.ólíklegt.telur.þú.að.þú.munir.sækja.eftirfarandi.menntun.á.næstu.12.24.mánuðum..Merkið.við.einn.valmöguleika.í.hverri.línu.....Bókhaldsnámskeið..,X12,Bókhaldsnámskeið,X12Bókhaldsnámskeið
109,X12..Hversu.líklegt.eða.ólíklegt.telur.þú.að.þú.munir.sækja.eftirfarandi.menntun.á.næstu.12.24.mánuðum..Merkið.við.einn.valmöguleika.í.hverri.línu.....Tungumálanámskeið..,X12,Tungumálanámskeið,X12Tungumálanámskeið
110,X12..Hversu.líklegt.eða.ólíklegt.telur.þú.að.þú.munir.sækja.eftirfarandi.menntun.á.næstu.12.24.mánuðum..Merkið.við.einn.valmöguleika.í.hverri.línu.....Listnámskeið.,X12,Listnámskeið,X12Listnámskeið
111,X12..Hversu.líklegt.eða.ólíklegt.telur.þú.að.þú.munir.sækja.eftirfarandi.menntun.á.næstu.12.24.mánuðum..Merkið.við.einn.valmöguleika.í.hverri.línu.....Hugbúnaðarnámskeið.,X12,Hugbúnaðarnámskeið,X12Hugbúnaðarnámskeið
112,X12..Hversu.líklegt.eða.ólíklegt.telur.þú.að.þú.munir.sækja.eftirfarandi.menntun.á.næstu.12.24.mánuðum..Merkið.við.einn.valmöguleika.í.hverri.línu.....Háskólanám.í.menningarstjórnun.,X12,Háskólanám í menningarstjórnun,X12Háskólanám í menningarstjórnun
113,X12..Hversu.líklegt.eða.ólíklegt.telur.þú.að.þú.munir.sækja.eftirfarandi.menntun.á.næstu.12.24.mánuðum..Merkið.við.einn.valmöguleika.í.hverri.línu.....Háskólanám.í.rekstri.og.stjórnun..öðru.en.menningarstjórnun...,X12,Háskólanám í rekstri og stjórnun öðru en menningarstjórnun,X12Háskólanám í rekstri og stjórnun öðru en menningarstjórnun
114,X12..Hversu.líklegt.eða.ólíklegt.telur.þú.að.þú.munir.sækja.eftirfarandi.menntun.á.næstu.12.24.mánuðum..Merkið.við.einn.valmöguleika.í.hverri.línu.....Háskólanám.í.listum..,X12,Háskólanám í listum,X12Háskólanám í listum
115,X12..Hversu.líklegt.eða.ólíklegt.telur.þú.að.þú.munir.sækja.eftirfarandi.menntun.á.næstu.12.24.mánuðum..Merkið.við.einn.valmöguleika.í.hverri.línu.....Annað.háskólanám.,X12,Annað háskólanám,X12Annað háskólanám
116,X12a..Er.eitthvað.sem.þú.vilt.bæta.við.svör.þín.í.spurningum.11.12.hér.að.ofan.,X12a,Er eitthvað sem þú vilt bæta við svör þín í spurningum 11 12 hér að ofan,X12aEr eitthvað sem þú vilt bæta við svör þín í spurningum 11 12 hér að ofan
117,X13..Hversu.sammála.eða.ósammála.ertu.eftirfarandi.fullyrðingum.um.áherslur.í.loftslags..og.umhverfismálum.og.áhrif.þeirra.á.ákvarðanatöku.í.þinni.skipulagsheild..Merkið.við.einn.valmöguleika.í.hverri.línu...Loftslagsmál.hafa.mikil.áhrif.á.ákvarðanatöku.í.minni.skipulagsheild..,X13,Loftslagsmál hafa mikil áhrif á ákvarðanatöku í minni skipulagsheild,X13Loftslagsmál hafa mikil áhrif á ákvarðanatöku í minni skipulagsheild
118,X13..Hversu.sammála.eða.ósammála.ertu.eftirfarandi.fullyrðingum.um.áherslur.í.loftslags..og.umhverfismálum.og.áhrif.þeirra.á.ákvarðanatöku.í.þinni.skipulagsheild..Merkið.við.einn.valmöguleika.í.hverri.línu...Skipulagsheildin.er.með.sérstaka.umhverfisstefnu..,X13,Skipulagsheildin er með sérstaka umhverfisstefnu,X13Skipulagsheildin er með sérstaka umhverfisstefnu
119,X13..Hversu.sammála.eða.ósammála.ertu.eftirfarandi.fullyrðingum.um.áherslur.í.loftslags..og.umhverfismálum.og.áhrif.þeirra.á.ákvarðanatöku.í.þinni.skipulagsheild..Merkið.við.einn.valmöguleika.í.hverri.línu...Flugferðum.hefur.verið.fækkað.,X13,Flugferðum hefur verið fækkað,X13Flugferðum hefur verið fækkað
120,X13..Hversu.sammála.eða.ósammála.ertu.eftirfarandi.fullyrðingum.um.áherslur.í.loftslags..og.umhverfismálum.og.áhrif.þeirra.á.ákvarðanatöku.í.þinni.skipulagsheild..Merkið.við.einn.valmöguleika.í.hverri.línu...Bílferðum.hefur.verið.fækkað..,X13,Bílferðum hefur verið fækkað,X13Bílferðum hefur verið fækkað
121,X13..Hversu.sammála.eða.ósammála.ertu.eftirfarandi.fullyrðingum.um.áherslur.í.loftslags..og.umhverfismálum.og.áhrif.þeirra.á.ákvarðanatöku.í.þinni.skipulagsheild..Merkið.við.einn.valmöguleika.í.hverri.línu...Áhersla.er.á.endurnýtingu.efnis.sem.þarf.til.starfseminnar..,X13,Áhersla er á endurnýtingu efnis sem þarf til starfseminnar,X13Áhersla er á endurnýtingu efnis sem þarf til starfseminnar
122,X13..Hversu.sammála.eða.ósammála.ertu.eftirfarandi.fullyrðingum.um.áherslur.í.loftslags..og.umhverfismálum.og.áhrif.þeirra.á.ákvarðanatöku.í.þinni.skipulagsheild..Merkið.við.einn.valmöguleika.í.hverri.línu...Boðið.er.uppá.sérstaka.dagskrá.eða.viðburði.þar.sem.loftslags..og.umhverfismál.eru.til.umfjöllunar..,X13,Boðið er uppá sérstaka dagskrá eða viðburði þar sem loftslags og umhverfismál eru til umfjöllunar,X13Boðið er uppá sérstaka dagskrá eða viðburði þar sem loftslags og umhverfismál eru til umfjöllunar
123,X13..Hversu.sammála.eða.ósammála.ertu.eftirfarandi.fullyrðingum.um.áherslur.í.loftslags..og.umhverfismálum.og.áhrif.þeirra.á.ákvarðanatöku.í.þinni.skipulagsheild..Merkið.við.einn.valmöguleika.í.hverri.línu...Umsvif.hafa.verið.minnkuð.til.að.draga.úr.óæskilegum.umhverfisáhrifum..,X13,Umsvif hafa verið minnkuð til að draga úr óæskilegum umhverfisáhrifum,X13Umsvif hafa verið minnkuð til að draga úr óæskilegum umhverfisáhrifum
124,X13..Hversu.sammála.eða.ósammála.ertu.eftirfarandi.fullyrðingum.um.áherslur.í.loftslags..og.umhverfismálum.og.áhrif.þeirra.á.ákvarðanatöku.í.þinni.skipulagsheild..Merkið.við.einn.valmöguleika.í.hverri.línu...Starfshættir.hafa.breyst.til.að.draga.úr.óæskilegum.umhverfisáhrifum..,X13,Starfshættir hafa breyst til að draga úr óæskilegum umhverfisáhrifum,X13Starfshættir hafa breyst til að draga úr óæskilegum umhverfisáhrifum
125,X14..Hversu.sammála.eða.ósammála.ertu.eftirfarandi.fullyrðingum.um.áherslur.í.jafnréttismálum.og.áhrif.þeirra.á.ákvarðanatöku.í.þinni.skipulagsheild..Merkið.við.einn.valmöguleika.í.hverri.línu...Jafnréttismál.hafa.mikil.áhrif.á.ákvarðanatöku.í.minni.skipulagsheild..,X14,Jafnréttismál hafa mikil áhrif á ákvarðanatöku í minni skipulagsheild,X14Jafnréttismál hafa mikil áhrif á ákvarðanatöku í minni skipulagsheild
126,X14..Hversu.sammála.eða.ósammála.ertu.eftirfarandi.fullyrðingum.um.áherslur.í.jafnréttismálum.og.áhrif.þeirra.á.ákvarðanatöku.í.þinni.skipulagsheild..Merkið.við.einn.valmöguleika.í.hverri.línu...Skipulagsheildin.er.með.sérstaka.jafnréttisstefnu..,X14,Skipulagsheildin er með sérstaka jafnréttisstefnu,X14Skipulagsheildin er með sérstaka jafnréttisstefnu
127,X14..Hversu.sammála.eða.ósammála.ertu.eftirfarandi.fullyrðingum.um.áherslur.í.jafnréttismálum.og.áhrif.þeirra.á.ákvarðanatöku.í.þinni.skipulagsheild..Merkið.við.einn.valmöguleika.í.hverri.línu...Miðlun.hefur.verið.breytt.til.þess.að.endurspegla.jafnréttismál..,X14,Miðlun hefur verið breytt til þess að endurspegla jafnréttismál,X14Miðlun hefur verið breytt til þess að endurspegla jafnréttismál
128,X14..Hversu.sammála.eða.ósammála.ertu.eftirfarandi.fullyrðingum.um.áherslur.í.jafnréttismálum.og.áhrif.þeirra.á.ákvarðanatöku.í.þinni.skipulagsheild..Merkið.við.einn.valmöguleika.í.hverri.línu...Kynningarefni.eða.upplýsingum.hefur.verið.breytt.til.þess.að.endurspegla.jafnréttismál..,X14,Kynningarefni eða upplýsingum hefur verið breytt til þess að endurspegla jafnréttismál,X14Kynningarefni eða upplýsingum hefur verið breytt til þess að endurspegla jafnréttismál
129,X14..Hversu.sammála.eða.ósammála.ertu.eftirfarandi.fullyrðingum.um.áherslur.í.jafnréttismálum.og.áhrif.þeirra.á.ákvarðanatöku.í.þinni.skipulagsheild..Merkið.við.einn.valmöguleika.í.hverri.línu...Nýjum.hópum.gesta.viðskiptavina.hefur.verið.boðið.til.þátttöku.til.þess.að.endurspegla.jafnréttismál..,X14,Nýjum hópum gesta viðskiptavina hefur verið boðið til þátttöku til þess að endurspegla jafnréttismál,X14Nýjum hópum gesta viðskiptavina hefur verið boðið til þátttöku til þess að endurspegla jafnréttismál
130,X14..Hversu.sammála.eða.ósammála.ertu.eftirfarandi.fullyrðingum.um.áherslur.í.jafnréttismálum.og.áhrif.þeirra.á.ákvarðanatöku.í.þinni.skipulagsheild..Merkið.við.einn.valmöguleika.í.hverri.línu...Markvisst.er.ráðið.í.stöður.til.þess.að.auka.jafnrétti.í.starfsmannahópnum..,X14,Markvisst er ráðið í stöður til þess að auka jafnrétti í starfsmannahópnum,X14Markvisst er ráðið í stöður til þess að auka jafnrétti í starfsmannahópnum
131,X14..Hversu.sammála.eða.ósammála.ertu.eftirfarandi.fullyrðingum.um.áherslur.í.jafnréttismálum.og.áhrif.þeirra.á.ákvarðanatöku.í.þinni.skipulagsheild..Merkið.við.einn.valmöguleika.í.hverri.línu...Sérstök.verkefni.hafa.verið.valin.til.þess.að.jafna.hlut.kynjanna.í.starfseminni..,X14,Sérstök verkefni hafa verið valin til þess að jafna hlut kynjanna í starfseminni,X14Sérstök verkefni hafa verið valin til þess að jafna hlut kynjanna í starfseminni
132,X15..Hversu.sammála.eða.ósammála.ertu.eftirfarandi.fullyrðingum.um.málefni.margbreytileika..diversity..og.áhrif.þeirra.á.ákvarðanatöku.í.þinni.skipulagsheild..Merkið.við.einn.valmöguleika.í.hverri.línu...Margbreytileiki.hefur.áhrif.á.ákvarðanatöku.í.minni.skipulagsheild..,X15,Margbreytileiki hefur áhrif á ákvarðanatöku í minni skipulagsheild,X15Margbreytileiki hefur áhrif á ákvarðanatöku í minni skipulagsheild
133,X15..Hversu.sammála.eða.ósammála.ertu.eftirfarandi.fullyrðingum.um.málefni.margbreytileika..diversity..og.áhrif.þeirra.á.ákvarðanatöku.í.þinni.skipulagsheild..Merkið.við.einn.valmöguleika.í.hverri.línu...Skipulagsheildin.er.með.sérstaka.stefnu.varðandi.margbreytileika..,X15,Skipulagsheildin er með sérstaka stefnu varðandi margbreytileika,X15Skipulagsheildin er með sérstaka stefnu varðandi margbreytileika
134,X15..Hversu.sammála.eða.ósammála.ertu.eftirfarandi.fullyrðingum.um.málefni.margbreytileika..diversity..og.áhrif.þeirra.á.ákvarðanatöku.í.þinni.skipulagsheild..Merkið.við.einn.valmöguleika.í.hverri.línu...Miðlun.hefur.verið.breytt.til.þess.að.endurspegla.margbreytileika.starfsfólks..,X15,Miðlun hefur verið breytt til þess að endurspegla margbreytileika starfsfólks,X15Miðlun hefur verið breytt til þess að endurspegla margbreytileika starfsfólks
135,X15..Hversu.sammála.eða.ósammála.ertu.eftirfarandi.fullyrðingum.um.málefni.margbreytileika..diversity..og.áhrif.þeirra.á.ákvarðanatöku.í.þinni.skipulagsheild..Merkið.við.einn.valmöguleika.í.hverri.línu...Kynningarefni.og.miðlun.hefur.verið.breytt.til.þess.að.endurspegla.margbreytileika.og.ólíkan.uppruna.gesta.viðskptavina..,X15,Kynningarefni og miðlun hefur verið breytt til þess að endurspegla margbreytileika og ólíkan uppruna gesta viðskptavina,X15Kynningarefni og miðlun hefur verið breytt til þess að endurspegla margbreytileika og ólíkan uppruna gesta viðskptavina
136,X15..Hversu.sammála.eða.ósammála.ertu.eftirfarandi.fullyrðingum.um.málefni.margbreytileika..diversity..og.áhrif.þeirra.á.ákvarðanatöku.í.þinni.skipulagsheild..Merkið.við.einn.valmöguleika.í.hverri.línu...Unnið.hefur.verið.með.nýja.hópa.í.því.skyni.að.auka.margbreytileika.gesta.viðskiptavina..,X15,Unnið hefur verið með nýja hópa í því skyni að auka margbreytileika gesta viðskiptavina,X15Unnið hefur verið með nýja hópa í því skyni að auka margbreytileika gesta viðskiptavina
137,X15..Hversu.sammála.eða.ósammála.ertu.eftirfarandi.fullyrðingum.um.málefni.margbreytileika..diversity..og.áhrif.þeirra.á.ákvarðanatöku.í.þinni.skipulagsheild..Merkið.við.einn.valmöguleika.í.hverri.línu...Markvisst.er.ráðið.í.stöður.til.þess.að.auka.margbreytileika.starfsmanna..,X15,Markvisst er ráðið í stöður til þess að auka margbreytileika starfsmanna,X15Markvisst er ráðið í stöður til þess að auka margbreytileika starfsmanna
138,X16..Hversu.sammála.eða.ósammála.ertu.eftirfarandi.fullyrðingum.um.áherslur.á.inngildingu.jaðarsettra.hópa.og.áhrif.þeirra.á.ákvarðanatöku.í.þinni.skipulagsheild..Merkið.við.einn.valmöguleika.í.hverri.línu...Inngilding.jaðarsettra.hópa.hefur.mikil.áhrif.á.ákvarðanatöku.í.minni.skipulagsheild..,X16,Inngilding jaðarsettra hópa hefur mikil áhrif á ákvarðanatöku í minni skipulagsheild,X16Inngilding jaðarsettra hópa hefur mikil áhrif á ákvarðanatöku í minni skipulagsheild
139,X16..Hversu.sammála.eða.ósammála.ertu.eftirfarandi.fullyrðingum.um.áherslur.á.inngildingu.jaðarsettra.hópa.og.áhrif.þeirra.á.ákvarðanatöku.í.þinni.skipulagsheild..Merkið.við.einn.valmöguleika.í.hverri.línu...Skipulagsheildin.er.með.sérstaka.stefnu.um.inngildingu.jaðarsettra.hópa..,X16,Skipulagsheildin er með sérstaka stefnu um inngildingu jaðarsettra hópa,X16Skipulagsheildin er með sérstaka stefnu um inngildingu jaðarsettra hópa
140,X16..Hversu.sammála.eða.ósammála.ertu.eftirfarandi.fullyrðingum.um.áherslur.á.inngildingu.jaðarsettra.hópa.og.áhrif.þeirra.á.ákvarðanatöku.í.þinni.skipulagsheild..Merkið.við.einn.valmöguleika.í.hverri.línu...Miðlun.hefur.verið.breytt.til.þess.að.auka.aðgengi.og.þátttöku.jaðarsettra.hópa..,X16,Miðlun hefur verið breytt til þess að auka aðgengi og þátttöku jaðarsettra hópa,X16Miðlun hefur verið breytt til þess að auka aðgengi og þátttöku jaðarsettra hópa
141,X16..Hversu.sammála.eða.ósammála.ertu.eftirfarandi.fullyrðingum.um.áherslur.á.inngildingu.jaðarsettra.hópa.og.áhrif.þeirra.á.ákvarðanatöku.í.þinni.skipulagsheild..Merkið.við.einn.valmöguleika.í.hverri.línu...Kynningarefni.eða.upplýsingum.hefur.verið.breytt.til.þess.að.auka.aðgengi.og.þátttöku.jaðarsettra.hópa..,X16,Kynningarefni eða upplýsingum hefur verið breytt til þess að auka aðgengi og þátttöku jaðarsettra hópa,X16Kynningarefni eða upplýsingum hefur verið breytt til þess að auka aðgengi og þátttöku jaðarsettra hópa
142,X16..Hversu.sammála.eða.ósammála.ertu.eftirfarandi.fullyrðingum.um.áherslur.á.inngildingu.jaðarsettra.hópa.og.áhrif.þeirra.á.ákvarðanatöku.í.þinni.skipulagsheild..Merkið.við.einn.valmöguleika.í.hverri.línu...Unnið.hefur.verið.með.nýja.hópa.gesta.viðskiptavina.í.því.skyni.að.bæta.inngildingu..,X16,Unnið hefur verið með nýja hópa gesta viðskiptavina í því skyni að bæta inngildingu,X16Unnið hefur verið með nýja hópa gesta viðskiptavina í því skyni að bæta inngildingu
143,X16..Hversu.sammála.eða.ósammála.ertu.eftirfarandi.fullyrðingum.um.áherslur.á.inngildingu.jaðarsettra.hópa.og.áhrif.þeirra.á.ákvarðanatöku.í.þinni.skipulagsheild..Merkið.við.einn.valmöguleika.í.hverri.línu...Markvisst.er.ráðið.í.stöður.til.þess.að.auka.hlutfall.jaðarsettra.hópa.í.starfsmannahópnum..,X16,Markvisst er ráðið í stöður til þess að auka hlutfall jaðarsettra hópa í starfsmannahópnum,X16Markvisst er ráðið í stöður til þess að auka hlutfall jaðarsettra hópa í starfsmannahópnum
144,X17..Hversu.sammála.eða.ósammála.ertu.eftirfarandi.fullyrðingum.um.áherslur.heimsmarkmiða.um.sjálfbæra.þróun.og.áhrif.þeirra.á.ákvarðanatöku.í.þinni.skipulagsheild..Merkið.við.einn.valmöguleika.í.hverri.línu..Heimsmarkmið.Sameinuðu..þjóðanna.hafa.mikil.áhrif.á..ákvarðanatöku.í.minni..skipulagsheild.,X17,Heimsmarkmið Sameinuðu þjóðanna hafa mikil áhrif á ákvarðanatöku í minni skipulagsheild,X17Heimsmarkmið Sameinuðu þjóðanna hafa mikil áhrif á ákvarðanatöku í minni skipulagsheild
145,X17..Hversu.sammála.eða.ósammála.ertu.eftirfarandi.fullyrðingum.um.áherslur.heimsmarkmiða.um.sjálfbæra.þróun.og.áhrif.þeirra.á.ákvarðanatöku.í.þinni.skipulagsheild..Merkið.við.einn.valmöguleika.í.hverri.línu..Stefna.skipulagsheildarinnar.tekur..sérstaklega.mið.af..heimsmarkmiðum.Sameinuðu..þjóðanna.,X17,Stefna skipulagsheildarinnar tekur sérstaklega mið af heimsmarkmiðum Sameinuðu þjóðanna,X17Stefna skipulagsheildarinnar tekur sérstaklega mið af heimsmarkmiðum Sameinuðu þjóðanna
146,X17..Hversu.sammála.eða.ósammála.ertu.eftirfarandi.fullyrðingum.um.áherslur.heimsmarkmiða.um.sjálfbæra.þróun.og.áhrif.þeirra.á.ákvarðanatöku.í.þinni.skipulagsheild..Merkið.við.einn.valmöguleika.í.hverri.línu..Skipulagsheildin.forgangsraðar..ákveðnum.heimsmarkmiðum.í..stefnu.sinni.og.starfi.,X17,Skipulagsheildin forgangsraðar ákveðnum heimsmarkmiðum í stefnu sinni og starfi,X17Skipulagsheildin forgangsraðar ákveðnum heimsmarkmiðum í stefnu sinni og starfi
147,X17..Hversu.sammála.eða.ósammála.ertu.eftirfarandi.fullyrðingum.um.áherslur.heimsmarkmiða.um.sjálfbæra.þróun.og.áhrif.þeirra.á.ákvarðanatöku.í.þinni.skipulagsheild..Merkið.við.einn.valmöguleika.í.hverri.línu..Skipulagsheildin.mætti.taka.meira..mið.af.heimsmarkmiðum.í..ákvarðanatöku.sinni.,X17,Skipulagsheildin mætti taka meira mið af heimsmarkmiðum í ákvarðanatöku sinni,X17Skipulagsheildin mætti taka meira mið af heimsmarkmiðum í ákvarðanatöku sinni
148,X17..Hversu.sammála.eða.ósammála.ertu.eftirfarandi.fullyrðingum.um.áherslur.heimsmarkmiða.um.sjálfbæra.þróun.og.áhrif.þeirra.á.ákvarðanatöku.í.þinni.skipulagsheild..Merkið.við.einn.valmöguleika.í.hverri.línu..Skipulagsheildin.setur.sjálfbærni.í..forgang.í.miðlun.og.fræðslu.,X17,Skipulagsheildin setur sjálfbærni í forgang í miðlun og fræðslu,X17Skipulagsheildin setur sjálfbærni í forgang í miðlun og fræðslu
149,X17..Hversu.sammála.eða.ósammála.ertu.eftirfarandi.fullyrðingum.um.áherslur.heimsmarkmiða.um.sjálfbæra.þróun.og.áhrif.þeirra.á.ákvarðanatöku.í.þinni.skipulagsheild..Merkið.við.einn.valmöguleika.í.hverri.línu..Skipulagsheildin.er.mikilvægur..þáttur.í.að.stuðla.að.sjálfbærri..þróun.samfélagsins.,X17,Skipulagsheildin er mikilvægur þáttur í að stuðla að sjálfbærri þróun samfélagsins,X17Skipulagsheildin er mikilvægur þáttur í að stuðla að sjálfbærri þróun samfélagsins
150,X18..Hversu.sammála.eða.ósammála.ertu.eftirfarandi.fullyrðingum.um.ástæður.þess.að.mun.fleiri.konur.eru.stjórnendur.í.menningargeiranum.heldur.en.í.viðskiptageiranum...Merkið.við.einn.valmöguleika.í.hverri.línu...Konur.eru.betri.en.karlar.í.menningarstjórnun..,X18,Konur eru betri en karlar í menningarstjórnun,X18Konur eru betri en karlar í menningarstjórnun
151,X18..Hversu.sammála.eða.ósammála.ertu.eftirfarandi.fullyrðingum.um.ástæður.þess.að.mun.fleiri.konur.eru.stjórnendur.í.menningargeiranum.heldur.en.í.viðskiptageiranum...Merkið.við.einn.valmöguleika.í.hverri.línu...Konur.hafa.meiri.áhuga.á.menningu..,X18,Konur hafa meiri áhuga á menningu,X18Konur hafa meiri áhuga á menningu
152,X18..Hversu.sammála.eða.ósammála.ertu.eftirfarandi.fullyrðingum.um.ástæður.þess.að.mun.fleiri.konur.eru.stjórnendur.í.menningargeiranum.heldur.en.í.viðskiptageiranum...Merkið.við.einn.valmöguleika.í.hverri.línu...Menningargeirinn.hefur.átt.sterkari.kvenfyrirmyndir..,X18,Menningargeirinn hefur átt sterkari kvenfyrirmyndir,X18Menningargeirinn hefur átt sterkari kvenfyrirmyndir
153,X18..Hversu.sammála.eða.ósammála.ertu.eftirfarandi.fullyrðingum.um.ástæður.þess.að.mun.fleiri.konur.eru.stjórnendur.í.menningargeiranum.heldur.en.í.viðskiptageiranum...Merkið.við.einn.valmöguleika.í.hverri.línu...Stjórnunarstíll.kvenna.hentar.menningargeiranum.betur..,X18,Stjórnunarstíll kvenna hentar menningargeiranum betur,X18Stjórnunarstíll kvenna hentar menningargeiranum betur
154,X18..Hversu.sammála.eða.ósammála.ertu.eftirfarandi.fullyrðingum.um.ástæður.þess.að.mun.fleiri.konur.eru.stjórnendur.í.menningargeiranum.heldur.en.í.viðskiptageiranum...Merkið.við.einn.valmöguleika.í.hverri.línu...Launin.eru.lægri.í.menningargeiranum..,X18,Launin eru lægri í menningargeiranum,X18Launin eru lægri í menningargeiranum
155,X18..Hversu.sammála.eða.ósammála.ertu.eftirfarandi.fullyrðingum.um.ástæður.þess.að.mun.fleiri.konur.eru.stjórnendur.í.menningargeiranum.heldur.en.í.viðskiptageiranum...Merkið.við.einn.valmöguleika.í.hverri.línu...Menningarstjórnendur.hafa.minni.völd.en.aðrir.stjórnendur..,X18,Menningarstjórnendur hafa minni völd en aðrir stjórnendur,X18Menningarstjórnendur hafa minni völd en aðrir stjórnendur
156,X18..Hversu.sammála.eða.ósammála.ertu.eftirfarandi.fullyrðingum.um.ástæður.þess.að.mun.fleiri.konur.eru.stjórnendur.í.menningargeiranum.heldur.en.í.viðskiptageiranum...Merkið.við.einn.valmöguleika.í.hverri.línu...Flestar.menningarstofnanir.eru.sveigjanlegri.hvað.varðar.fjölskyldulíf..,X18,Flestar menningarstofnanir eru sveigjanlegri hvað varðar fjölskyldulíf,X18Flestar menningarstofnanir eru sveigjanlegri hvað varðar fjölskyldulíf
157,X18..Hversu.sammála.eða.ósammála.ertu.eftirfarandi.fullyrðingum.um.ástæður.þess.að.mun.fleiri.konur.eru.stjórnendur.í.menningargeiranum.heldur.en.í.viðskiptageiranum...Merkið.við.einn.valmöguleika.í.hverri.línu...Það.þarf.margra.ára.hark.til.að.afla.sér.viðeigandi.reynslu.til.menningarstjórnunar.,X18,Það þarf margra ára hark til að afla sér viðeigandi reynslu til menningarstjórnunar,X18Það þarf margra ára hark til að afla sér viðeigandi reynslu til menningarstjórnunar
158,X18..Hversu.sammála.eða.ósammála.ertu.eftirfarandi.fullyrðingum.um.ástæður.þess.að.mun.fleiri.konur.eru.stjórnendur.í.menningargeiranum.heldur.en.í.viðskiptageiranum...Merkið.við.einn.valmöguleika.í.hverri.línu...Konur.eru.líklegri.til.að.leggja.á.sig.margra.ára.hark.og.afla.sér.viðeigandi.reynslu..,X18,Konur eru líklegri til að leggja á sig margra ára hark og afla sér viðeigandi reynslu,X18Konur eru líklegri til að leggja á sig margra ára hark og afla sér viðeigandi reynslu
159,X18a..Er.eitthvað.sem.þú.vilt.bæta.við.svör.þín.í.spurningum.13.17.hér.að.ofan.,X18a,Er eitthvað sem þú vilt bæta við svör þín í spurningum 13 17 hér að ofan,X18aEr eitthvað sem þú vilt bæta við svör þín í spurningum 13 17 hér að ofan
160,X19..Hversu.lengi.hefurðu.starfað.á.núverandi.stað..Merkið.við.einn.valkost.,X19,Hversu lengi hefurðu starfað á núverandi stað Merkið við einn valkost,X19Hversu lengi hefurðu starfað á núverandi stað Merkið við einn valkost
161,X20..Hafðir.þú.áður.unnið.störf.tengd.menningarstjórnun..Merkið.við.einn.valkost.,X20,Hafðir þú áður unnið störf tengd menningarstjórnun Merkið við einn valkost,X20Hafðir þú áður unnið störf tengd menningarstjórnun Merkið við einn valkost
162,X21..Hvert.er.starfshlutfall.þitt.á.núverandi.vinnustað..Merkið.við.einn.valkost.,X21,Hvert er starfshlutfall þitt á núverandi vinnustað Merkið við einn valkost,X21Hvert er starfshlutfall þitt á núverandi vinnustað Merkið við einn valkost
163,X22..Hvað.starfa.margir.fastráðnir.í.fullu.starfi.á.þínum.vinnustað..Merkið.við.einn.valkost..,X22,Hvað starfa margir fastráðnir í fullu starfi á þínum vinnustað Merkið við einn valkost,X22Hvað starfa margir fastráðnir í fullu starfi á þínum vinnustað Merkið við einn valkost
164,X23..Hvað.starfa.margir.fastráðnir.í.hlutastarfi.á.þínum.vinnustað..Merkið.við.einn.valkost,X23,Hvað starfa margir fastráðnir í hlutastarfi á þínum vinnustað Merkið við einn valkost,X23Hvað starfa margir fastráðnir í hlutastarfi á þínum vinnustað Merkið við einn valkost
165,X24..Hve.margir.koma.reglulega.að.starfseminni.sem.verktakar.lausráðnir..Merkið.við.einn.valkost.,X24,Hve margir koma reglulega að starfseminni sem verktakar lausráðnir Merkið við einn valkost,X24Hve margir koma reglulega að starfseminni sem verktakar lausráðnir Merkið við einn valkost
166,X25..Hefurðu.forráð.yfir.öðru.fastráðnu.starfsfólki..Merkið.við.einn.valkost.,X25,Hefurðu forráð yfir öðru fastráðnu starfsfólki Merkið við einn valkost,X25Hefurðu forráð yfir öðru fastráðnu starfsfólki Merkið við einn valkost
167,X26..Hvað.af.eftirfarandi.lýsir.best.skipulagsheildinni.sem.þú.starfar.hjá..Merkið.við.einn.valkost..,X26,Hvað af eftirfarandi lýsir best skipulagsheildinni sem þú starfar hjá Merkið við einn valkost,X26Hvað af eftirfarandi lýsir best skipulagsheildinni sem þú starfar hjá Merkið við einn valkost
168,X26..Hvað.af.eftirfarandi.lýsir.best.skipulagsheildinni.sem.þú.starfar.hjá..Merkið.við.einn.valkost....Annað.,X26,Hvað af eftirfarandi lýsir best skipulagsheildinni sem þú starfar hjá Merkið við einn valkost Annað,X26Hvað af eftirfarandi lýsir best skipulagsheildinni sem þú starfar hjá Merkið við einn valkost Annað
169,X27..Er.starfsemin.styrkt.af.ríki..Merkið.við.þá.valkosti.sem.við.eiga...Starfsemin.er.á.föstum.fjárlögum.,X27,Starfsemin er á föstum fjárlögum,X27Starfsemin er á föstum fjárlögum
170,X27..Er.starfsemin.styrkt.af.ríki..Merkið.við.þá.valkosti.sem.við.eiga...Starfsemin.hefur.þjónustusamning.við.ríkið.,X27,Starfsemin hefur þjónustusamning við ríkið,X27Starfsemin hefur þjónustusamning við ríkið
171,X27..Er.starfsemin.styrkt.af.ríki..Merkið.við.þá.valkosti.sem.við.eiga...Starfsemin.fær.reglulega.ríkisstyrki.,X27,Starfsemin fær reglulega ríkisstyrki,X27Starfsemin fær reglulega ríkisstyrki
172,X27..Er.starfsemin.styrkt.af.ríki..Merkið.við.þá.valkosti.sem.við.eiga...Starfsemin.fær.öðru.hverju.ríkisstyrki.,X27,Starfsemin fær öðru hverju ríkisstyrki,X27Starfsemin fær öðru hverju ríkisstyrki
173,X27..Er.starfsemin.styrkt.af.ríki..Merkið.við.þá.valkosti.sem.við.eiga...Starfsemin.fær.enga.styrki.frá.ríkinu.,X27,Starfsemin fær enga styrki frá ríkinu,X27Starfsemin fær enga styrki frá ríkinu
174,X27..Er.starfsemin.styrkt.af.ríki..Merkið.við.þá.valkosti.sem.við.eiga...Veit.ekki...vil.ekki.svara.,X27,Veit ekki vil ekki svara,X27Veit ekki vil ekki svara
175,X28..Er.starfsemin.styrkt.af.sveitarfélagi..sveitarfélögum..Merkið.við.þá.valkosti.sem.við.eiga...Starfsemin.er.á.föstum.styrkjum.frá.sveitarfélagi...sveitarfélögum.,X28,Starfsemin er á föstum styrkjum frá sveitarfélagi sveitarfélögum,X28Starfsemin er á föstum styrkjum frá sveitarfélagi sveitarfélögum
176,X28..Er.starfsemin.styrkt.af.sveitarfélagi..sveitarfélögum..Merkið.við.þá.valkosti.sem.við.eiga...Starfsemin.hefur.þjónustusamning.við.sveitarfélag...sveitarfélög.,X28,Starfsemin hefur þjónustusamning við sveitarfélag sveitarfélög,X28Starfsemin hefur þjónustusamning við sveitarfélag sveitarfélög
177,X28..Er.starfsemin.styrkt.af.sveitarfélagi..sveitarfélögum..Merkið.við.þá.valkosti.sem.við.eiga...Starfsemin.fær.reglulega.styrki.frá.sveitarfélagi...sveitarfélögum.,X28,Starfsemin fær reglulega styrki frá sveitarfélagi sveitarfélögum,X28Starfsemin fær reglulega styrki frá sveitarfélagi sveitarfélögum
178,X28..Er.starfsemin.styrkt.af.sveitarfélagi..sveitarfélögum..Merkið.við.þá.valkosti.sem.við.eiga...Starfsemin.fær.öðru.hverju.styrki.frá.sveitarfélagi...sveitarfélögum.,X28,Starfsemin fær öðru hverju styrki frá sveitarfélagi sveitarfélögum,X28Starfsemin fær öðru hverju styrki frá sveitarfélagi sveitarfélögum
179,X28..Er.starfsemin.styrkt.af.sveitarfélagi..sveitarfélögum..Merkið.við.þá.valkosti.sem.við.eiga...Starfsemin.fær.enga.styrki.frá.sveitarfélagi...sveitarfélögum.,X28,Starfsemin fær enga styrki frá sveitarfélagi sveitarfélögum,X28Starfsemin fær enga styrki frá sveitarfélagi sveitarfélögum
180,X28..Er.starfsemin.styrkt.af.sveitarfélagi..sveitarfélögum..Merkið.við.þá.valkosti.sem.við.eiga...Veit.ekki...vil.ekki.svara.,X28,Veit ekki vil ekki svara,X28Veit ekki vil ekki svara
181,X29..Er.starfsemin.styrkt.af.einkaaðila..Merkið.við.þá.valkosti.sem.við.eiga...Starfsemin.er.á.föstum.styrkjum.einkaaðila.,X29,Starfsemin er á föstum styrkjum einkaaðila,X29Starfsemin er á föstum styrkjum einkaaðila
182,X29..Er.starfsemin.styrkt.af.einkaaðila..Merkið.við.þá.valkosti.sem.við.eiga....Starfsemin.hefur.þjónustusamning.við.einkaaðila.,X29,Starfsemin hefur þjónustusamning við einkaaðila,X29Starfsemin hefur þjónustusamning við einkaaðila
183,X29..Er.starfsemin.styrkt.af.einkaaðila..Merkið.við.þá.valkosti.sem.við.eiga...Starfsemin.hlýtur.reglulega.styrki.frá.einkaaðilum..,X29,Starfsemin hlýtur reglulega styrki frá einkaaðilum,X29Starfsemin hlýtur reglulega styrki frá einkaaðilum
184,X29..Er.starfsemin.styrkt.af.einkaaðila..Merkið.við.þá.valkosti.sem.við.eiga...Starfsemin.hlýtur.öðru.hverju.styrki.frá.einkaaðilum.,X29,Starfsemin hlýtur öðru hverju styrki frá einkaaðilum,X29Starfsemin hlýtur öðru hverju styrki frá einkaaðilum
185,X29..Er.starfsemin.styrkt.af.einkaaðila..Merkið.við.þá.valkosti.sem.við.eiga...Starfsemin.hlýtur.enga.styrki.frá.einkaaðilum.,X29,Starfsemin hlýtur enga styrki frá einkaaðilum,X29Starfsemin hlýtur enga styrki frá einkaaðilum
186,X29..Er.starfsemin.styrkt.af.einkaaðila..Merkið.við.þá.valkosti.sem.við.eiga...Veit.ekki...vil.ekki.svara.,X29,Veit ekki vil ekki svara,X29Veit ekki vil ekki svara
187,X30..Hversu.stór.hluti.af.heildarrekstrarfé.eru.aðgangseyrir.vörusala..Merkið.við.einn.valkost.,X30,Hversu stór hluti af heildarrekstrarfé eru aðgangseyrir vörusala?,X30Hversu stór hluti af heildarrekstrarfé eru aðgangseyrir vörusala?
188,X31..Fyrir.hverja.er.starfsemin.hugsuð...Merkið.við.þá.valkosti.sem.við.eiga...Fyrir.heimafólk..,X31,Fyrir heimafólk,X31Fyrir heimafólk
189,X31..Fyrir.hverja.er.starfsemin.hugsuð...Merkið.við.þá.valkosti.sem.við.eiga...Fyrir.allt.landið.,X31,Fyrir allt landið,X31Fyrir allt landið
190,X31..Fyrir.hverja.er.starfsemin.hugsuð...Merkið.við.þá.valkosti.sem.við.eiga...Fyrir.erlendan.markað.,X31,Fyrir erlendan markað,X31Fyrir erlendan markað
191,X31..Fyrir.hverja.er.starfsemin.hugsuð...Merkið.við.þá.valkosti.sem.við.eiga...Fyrir.íslenska.ferðamenn.,X31,Fyrir íslenska ferðamenn,X31Fyrir íslenska ferðamenn
192,X31..Fyrir.hverja.er.starfsemin.hugsuð...Merkið.við.þá.valkosti.sem.við.eiga...Fyrir.erlenda.ferðamenn.,X31,Fyrir erlenda ferðamenn,X31Fyrir erlenda ferðamenn
193,X31..Fyrir.hverja.er.starfsemin.hugsuð...Merkið.við.þá.valkosti.sem.við.eiga...Á.ekki.við.,X31,Á ekki við,X31Á ekki við
194,X31..Fyrir.hverja.er.starfsemin.hugsuð...Merkið.við.þá.valkosti.sem.við.eiga...Veit.ekki...vil.ekki.svara.,X31,Veit ekki vil ekki svara,X31Veit ekki vil ekki svara
195,X32..Reiðir.starfsemin.sig.á.sérhæfða.eða.dýra.innviði..t.d..húsnæði.eða.tækni..Merkið.við.einn.valkost..,X32,Reiðir starfsemin sig á sérhæfða eða dýra innviði t d húsnæði eða tækni?,X32Reiðir starfsemin sig á sérhæfða eða dýra innviði t d húsnæði eða tækni?
196,X33..Hvaða.starfstitill.lýsir.best.starfi.þínu..Merkið.við.þá.valkosti.sem.við.eiga..Listrænn.stjórnandi.,X33,Listrænn stjórnandi,X33Listrænn stjórnandi
197,X33..Hvaða.starfstitill.lýsir.best.starfi.þínu..Merkið.við.þá.valkosti.sem.við.eiga..Markaðs....kynningarstjóri.,X33,Markaðs kynningarstjóri,X33Markaðs kynningarstjóri
198,X33..Hvaða.starfstitill.lýsir.best.starfi.þínu..Merkið.við.þá.valkosti.sem.við.eiga..Fjármálastjóri.,X33,Fjármálastjóri,X33Fjármálastjóri
199,X33..Hvaða.starfstitill.lýsir.best.starfi.þínu..Merkið.við.þá.valkosti.sem.við.eiga..Forstöðumaður..,X33,Forstöðumaður,X33Forstöðumaður
200,X33..Hvaða.starfstitill.lýsir.best.starfi.þínu..Merkið.við.þá.valkosti.sem.við.eiga..Deildarstjóri.,X33,Deildarstjóri,X33Deildarstjóri
201,X33..Hvaða.starfstitill.lýsir.best.starfi.þínu..Merkið.við.þá.valkosti.sem.við.eiga..Verkefnastjóri.,X33,Verkefnastjóri,X33Verkefnastjóri
202,X33..Hvaða.starfstitill.lýsir.best.starfi.þínu..Merkið.við.þá.valkosti.sem.við.eiga..Framkvæmdastjóri.,X33,Framkvæmdastjóri,X33Framkvæmdastjóri
203,X33..Hvaða.starfstitill.lýsir.best.starfi.þínu..Merkið.við.þá.valkosti.sem.við.eiga..Vaktstjóri.,X33,Vaktstjóri,X33Vaktstjóri
204,X33..Hvaða.starfstitill.lýsir.best.starfi.þínu..Merkið.við.þá.valkosti.sem.við.eiga..Sýningastjóri.,X33,Sýningastjóri,X33Sýningastjóri
205,X33..Hvaða.starfstitill.lýsir.best.starfi.þínu..Merkið.við.þá.valkosti.sem.við.eiga..Annað.,X33,Annað,X33Annað
206,X34..Skilgreinir.þú.starf.þitt.sem.menningarstjórnun..Merkið.við.einn.valkost.,X34,Skilgreinir þú starf þitt sem menningarstjórnun?,X34Skilgreinir þú starf þitt sem menningarstjórnun?
207,X35..Hversu.mikið.eða.lítið.eiga.eftirfarandi.skilgreiningar.við.hugtakið.menningarstjórnandi..Merkið.við.einn.valmöguleika.í.hverri.línu...Æðsti.stjórnandi.listastofnunar..t.d..leikhússtjóri..,X35,Æðsti stjórnandi listastofnunar t d leikhússtjóri,X35Æðsti stjórnandi listastofnunar t d leikhússtjóri
208,X35..Hversu.mikið.eða.lítið.eiga.eftirfarandi.skilgreiningar.við.hugtakið.menningarstjórnandi..Merkið.við.einn.valmöguleika.í.hverri.línu...Æðsti.stjórnandi.menningarstofnunar..t.d..bókasafnsstjóri..,X35,Æðsti stjórnandi menningarstofnunar t d bókasafnsstjóri,X35Æðsti stjórnandi menningarstofnunar t d bókasafnsstjóri
209,X35..Hversu.mikið.eða.lítið.eiga.eftirfarandi.skilgreiningar.við.hugtakið.menningarstjórnandi..Merkið.við.einn.valmöguleika.í.hverri.línu...Einhver.sem.ber.ábyrgð.á.mikilvægum.hluta.af.rekstri.sem.tengist.menningu..t.d..menningarfulltrúi.sveitarfélags.eða.fjármálastjóri.sviðslistastofnunar..,X35,Einhver sem ber ábyrgð á mikilvægum hluta af rekstri sem tengist menningu t d menningarfulltrúi sveitarfélags eða fjármálastjóri sviðslistastofnunar,X35Einhver sem ber ábyrgð á mikilvægum hluta af rekstri sem tengist menningu t d menningarfulltrúi sveitarfélags eða fjármálastjóri sviðslistastofnunar
210,X35..Hversu.mikið.eða.lítið.eiga.eftirfarandi.skilgreiningar.við.hugtakið.menningarstjórnandi..Merkið.við.einn.valmöguleika.í.hverri.línu...Einhver.sem.hefur.mannaforráð.í.menningarstofnun..t.d..sviðstjóri.í.bókaútgáfu..,X35,Einhver sem hefur mannaforráð í menningarstofnun t d sviðstjóri í bókaútgáfu,X35Einhver sem hefur mannaforráð í menningarstofnun t d sviðstjóri í bókaútgáfu
211,X35..Hversu.mikið.eða.lítið.eiga.eftirfarandi.skilgreiningar.við.hugtakið.menningarstjórnandi..Merkið.við.einn.valmöguleika.í.hverri.línu...Einhver.sem.hefur.menntað.sig.í.menningarstjórnun..,X35,Einhver sem hefur menntað sig í menningarstjórnun,X35Einhver sem hefur menntað sig í menningarstjórnun
212,X36..Aldur,X36,Aldur,X36Aldur
213,X37..Kyn,X37,Kyn,X37Kyn
214,X38..Hvað.lýsir.þjóðerni.þínu.best.,X38,Hvað lýsir þjóðerni þínu best,X38Hvað lýsir þjóðerni þínu best
215,X39..Hver.er.formleg.menntun.þín..Vinsamlegast.merktið.við.hæstu.prófgráðu.,X39,Hver er formleg menntun þín Vinsamlegast merktið við hæstu prófgráðu,X39Hver er formleg menntun þín Vinsamlegast merktið við hæstu prófgráðu
216,X39..Hver.er.formleg.menntun.þín..Vinsamlegast.merktið.við.hæstu.prófgráðu...Annað.,X39,Hver er formleg menntun þín Vinsamlegast merktið við hæstu prófgráðu Annað,X39Hver er formleg menntun þín Vinsamlegast merktið við hæstu prófgráðu Annað
217,X39a..Ef.við.á..hvaða.grunnháskólagráðu.ertu.með..BA...diplóma.eða.sambærilegt...Vinsamlega.merkið.við.eins.marga.valkosti.og.við.á...Viðskiptafræði.,X39a,Viðskiptafræði,X39aViðskiptafræði
218,X39a..Ef.við.á..hvaða.grunnháskólagráðu.ertu.með..BA...diplóma.eða.sambærilegt...Vinsamlega.merkið.við.eins.marga.valkosti.og.við.á...Hagfræði.,X39a,Hagfræði,X39aHagfræði
219,X39a..Ef.við.á..hvaða.grunnháskólagráðu.ertu.með..BA...diplóma.eða.sambærilegt...Vinsamlega.merkið.við.eins.marga.valkosti.og.við.á...Menningarstjórnun.,X39a,Menningarstjórnun,X39aMenningarstjórnun
220,X39a..Ef.við.á..hvaða.grunnháskólagráðu.ertu.með..BA...diplóma.eða.sambærilegt...Vinsamlega.merkið.við.eins.marga.valkosti.og.við.á...Viðburðastjórnun.,X39a,Viðburðastjórnun,X39aViðburðastjórnun
221,X39a..Ef.við.á..hvaða.grunnháskólagráðu.ertu.með..BA...diplóma.eða.sambærilegt...Vinsamlega.merkið.við.eins.marga.valkosti.og.við.á...Verkefnastjórnun.,X39a,Verkefnastjórnun,X39aVerkefnastjórnun
222,X39a..Ef.við.á..hvaða.grunnháskólagráðu.ertu.með..BA...diplóma.eða.sambærilegt...Vinsamlega.merkið.við.eins.marga.valkosti.og.við.á...Opinber.stjórnsýsla.,X39a,Opinber stjórnsýsla,X39aOpinber stjórnsýsla
223,X39a..Ef.við.á..hvaða.grunnháskólagráðu.ertu.með..BA...diplóma.eða.sambærilegt...Vinsamlega.merkið.við.eins.marga.valkosti.og.við.á...Kennslufræði...uppeldis..og.menntunarfræði...kennaranám.,X39a,Kennslufræði uppeldis og menntunarfræði kennaranám,X39aKennslufræði uppeldis og menntunarfræði kennaranám
224,X39a..Ef.við.á..hvaða.grunnháskólagráðu.ertu.með..BA...diplóma.eða.sambærilegt...Vinsamlega.merkið.við.eins.marga.valkosti.og.við.á...Sagnfræði.,X39a,Sagnfræði,X39aSagnfræði
225,X39a..Ef.við.á..hvaða.grunnháskólagráðu.ertu.með..BA...diplóma.eða.sambærilegt...Vinsamlega.merkið.við.eins.marga.valkosti.og.við.á...Myndlist.,X39a,Myndlist,X39aMyndlist
226,X39a..Ef.við.á..hvaða.grunnháskólagráðu.ertu.með..BA...diplóma.eða.sambærilegt...Vinsamlega.merkið.við.eins.marga.valkosti.og.við.á...Listasaga.,X39a,Listasaga,X39aListasaga
227,X39a..Ef.við.á..hvaða.grunnháskólagráðu.ertu.með..BA...diplóma.eða.sambærilegt...Vinsamlega.merkið.við.eins.marga.valkosti.og.við.á...Leiklist.,X39a,Leiklist,X39aLeiklist
228,X39a..Ef.við.á..hvaða.grunnháskólagráðu.ertu.með..BA...diplóma.eða.sambærilegt...Vinsamlega.merkið.við.eins.marga.valkosti.og.við.á...Tónlist.,X39a,Tónlist,X39aTónlist
229,X39a..Ef.við.á..hvaða.grunnháskólagráðu.ertu.með..BA...diplóma.eða.sambærilegt...Vinsamlega.merkið.við.eins.marga.valkosti.og.við.á...Hönnun.,X39a,Hönnun,X39aHönnun
230,X39a..Ef.við.á..hvaða.grunnháskólagráðu.ertu.með..BA...diplóma.eða.sambærilegt...Vinsamlega.merkið.við.eins.marga.valkosti.og.við.á...Á.ekki.við.,X39a,Á ekki við,X39aÁ ekki við
231,X39a..Ef.við.á..hvaða.grunnháskólagráðu.ertu.með..BA...diplóma.eða.sambærilegt...Vinsamlega.merkið.við.eins.marga.valkosti.og.við.á...Annað.,X39a,Annað,X39aAnnað
232,X39b..Ef.við.á..hvaða.framhaldsháskólagráðu.ertu.með..meistaranám.eða.sambærilegt...Merkið.við.þá.valkosti.sem.við.eiga..Meistaranám.í.viðskiptafræði..MA...MS.eða.sambærilegt..,X39b,Meistaranám í viðskiptafræði MA MS eða sambærilegt,X39bMeistaranám í viðskiptafræði MA MS eða sambærilegt
233,X39b..Ef.við.á..hvaða.framhaldsháskólagráðu.ertu.með..meistaranám.eða.sambærilegt...Merkið.við.þá.valkosti.sem.við.eiga..Meistaranám.í.menningarstjórnun..MA...MCM.eða.sambærilegt..,X39b,Meistaranám í menningarstjórnun MA MCM eða sambærilegt,X39bMeistaranám í menningarstjórnun MA MCM eða sambærilegt
234,X39b..Ef.við.á..hvaða.framhaldsháskólagráðu.ertu.með..meistaranám.eða.sambærilegt...Merkið.við.þá.valkosti.sem.við.eiga..MBA.í.viðskiptafræði.,X39b,MBA í viðskiptafræði,X39bMBA í viðskiptafræði
235,X39b..Ef.við.á..hvaða.framhaldsháskólagráðu.ertu.með..meistaranám.eða.sambærilegt...Merkið.við.þá.valkosti.sem.við.eiga..MPA.í.opinberri.stjórnsýslu.,X39b,MPA í opinberri stjórnsýslu,X39bMPA í opinberri stjórnsýslu
236,X39b..Ef.við.á..hvaða.framhaldsháskólagráðu.ertu.með..meistaranám.eða.sambærilegt...Merkið.við.þá.valkosti.sem.við.eiga..MPM.í.verkefnastjórnun.,X39b,MPM í verkefnastjórnun,X39bMPM í verkefnastjórnun
237,X39b..Ef.við.á..hvaða.framhaldsháskólagráðu.ertu.með..meistaranám.eða.sambærilegt...Merkið.við.þá.valkosti.sem.við.eiga..MA.í.safnafræði.,X39b,MA í safnafræði,X39bMA í safnafræði
238,X39b..Ef.við.á..hvaða.framhaldsháskólagráðu.ertu.með..meistaranám.eða.sambærilegt...Merkið.við.þá.valkosti.sem.við.eiga..Meistaranám.í.miðlun.,X39b,Meistaranám í miðlun,X39bMeistaranám í miðlun
239,X39b..Ef.við.á..hvaða.framhaldsháskólagráðu.ertu.með..meistaranám.eða.sambærilegt...Merkið.við.þá.valkosti.sem.við.eiga..Meistaranám.í.viðburðastjórnun.,X39b,Meistaranám í viðburðastjórnun,X39bMeistaranám í viðburðastjórnun
240,X39b..Ef.við.á..hvaða.framhaldsháskólagráðu.ertu.með..meistaranám.eða.sambærilegt...Merkið.við.þá.valkosti.sem.við.eiga..Á.ekki.við.,X39b,Á ekki við,X39bÁ ekki við
241,X39b..Ef.við.á..hvaða.framhaldsháskólagráðu.ertu.með..meistaranám.eða.sambærilegt...Merkið.við.þá.valkosti.sem.við.eiga..Annað.,X39b,Annað,X39bAnnað
242,X40..Hefurðu.lært.stjórnun..,X40,Hefurðu lært stjórnun,X40Hefurðu lært stjórnun
243,X41..Ef.þú.hefur.lært.stjórnun..hvers.konar.menntun.er..um.að.ræða.og.hvar.fór.hún.fram.,X41,Ef þú hefur lært stjórnun hvers konar menntun er um að ræða og hvar fór hún fram,X41Ef þú hefur lært stjórnun hvers konar menntun er um að ræða og hvar fór hún fram
244,X42..Ef.þú.hefur.ekki.lært.stjórnun..stefnirðu.á.nám.í.stjórnun..Merkið.við.einn.valkost,X42,Ef þú hefur ekki lært stjórnun stefnirðu á nám í stjórnun Merkið við einn valkost,X42Ef þú hefur ekki lært stjórnun stefnirðu á nám í stjórnun Merkið við einn valkost
245,X43..Er.eitthvað.sem.þú.vilt.koma.á.framfæri.að.lokum.,X43,Er eitthvað sem þú vilt koma á framfæri að lokum,X43Er eitthvað sem þú vilt koma á framfæri að lokum
